agency_id,rooms_page,pax_page
18837,66,17
43314,2117,145
29149,207,131
63788,1487,26
1300,600,145
2622,9,6
34680,722,215
17022,81,39
5145,13,3
55467,13,5
20419,23,7
28366,77,1
20183,30,17
32890,846,15
45673,1222,815
17371,389,133
63703,274,29
53250,122,21
53754,102,14
31405,112,26
46238,72,10
18494,685,129
13132,88,29
22475,213,50
59521,2,2
13987,81,39
55119,14,7
33663,1598,307
38800,146,11
11483,38,7
62483,4,1
41209,190,44
14623,103,32
9114,73,33
64260,193,45
65721,8,5
62032,12,4
65324,7,0
24088,114,65
17021,16,1
5191,537,88
58436,28,7
3917,134,37
35286,58,15
17460,165,15
11035,206,91
26764,236,66
8924,35,15
30298,33,4
61209,4,2
10680,52,0
441,652,90
58717,28,11
60855,77,56
15434,162,6
41927,120,45
17356,178,56
11565,182,59
34563,341,109
42400,183,51
8056,67,36
15361,77,42
49219,176,29
11471,35,11
64223,25,1
14490,99,52
56196,17,4
11472,142,88
21255,11,3
18044,2128,443
21002,68,9
60740,76,9
17423,41,8
28785,20,7
40742,97,1
65937,11,3
56952,39,9
28653,157,29
61443,249,29
61056,8,5
17331,155,61
25690,29,10
16915,60,11
22305,506,269
28193,5,1
39371,20,7
12088,53,7
11726,81,32
53456,329,18
8205,93,69
60325,6,3
16051,90,28
65828,70,8
63423,110,19
16792,52,7
22458,7,1
27667,126,44
54870,97,57
7103,30,10
15277,435,127
11683,62,16
2083,618,136
12527,78,23
19725,295,45
7119,6,3
30750,19,1
12060,26,12
61121,15,4
11558,155,20
56822,19,13
44234,26,10
17623,154,98
9010,5,1
53719,77,14
62630,9,2
54067,24,4
65408,2,2
14438,55,12
18550,19,7
17110,88,51
67003,44,17
49784,3,1
7896,46,17
22002,53,9
61155,13,6
60184,29,3
12247,17,5
12280,42,9
61698,90,29
7501,186,66
20986,83,41
25584,19,4
9031,60,18
25977,20,1
20907,27,5
34296,3,3
19183,28,1
17380,77,14
8732,88,24
13852,64,12
40145,6,4
13829,8,0
37345,20,7
11512,88,13
39143,101,24
45519,26,10
30265,2,0
9217,50,7
10979,165,60
50336,840,5
60960,17,5
53822,1,0
9326,86,29
47853,19,0
28658,38,3
48152,11,2
8213,86,9
14601,1,0
18481,241,33
65821,17,10
16666,13,8
16916,26,18
11563,4,0
14110,37,4
26904,4,1
61916,1,0
22292,30,0
52354,159,26
20997,30,2
12051,3,0
7932,3,0
25210,54,3
14053,134,84
11737,297,91
11610,32,5
6346,138,14
26376,11,1
64695,20,5
21147,317,28
39150,194,25
39122,37,22
59173,1,0
32837,43,15
30803,43,4
47748,54,21
58203,11,4
18606,31,6
8741,131,14
60882,34,16
64933,391,115
55648,30,12
23908,24,5
51655,7,2
14958,11,5
26010,91,20
7040,228,78
62893,79,9
63300,8,1
62072,11,6
45354,7,0
16629,106,35
7877,2,0
12355,22,4
14013,40,18
8588,3,0
1567,40,8
10972,7,3
58807,4,1
6211,152,63
20878,62,15
2353,17,4
9016,313,268
24535,14,1
26915,28,12
25962,23,1
21885,117,32
27286,11,7
10342,221,121
1699,606,187
15083,87,40
14063,5,1
6387,259,3
9305,53,7
31445,18,4
13385,11,3
31048,103,8
17908,32,12
19629,53,18
22148,8,0
48736,6,1
18828,194,12
15388,169,48
10771,73,6
33325,55,2
29845,237,55
6993,158,29
7777,135,27
19325,11,1
11905,41,18
15985,221,37
8716,73,29
1561,1113,171
52737,9,8
163,364,185
8772,17,5
26483,37,16
9873,58,11
28748,169,22
37078,40,29
3547,124,41
24241,856,36
61773,197,17
6059,1251,504
3807,774,176
48315,127,41
3229,444,53
56578,30,17
38755,23,0
42200,1,1
62080,35,2
64692,56,32
51681,99,25
1580,347,104
22635,221,62
5952,82,37
3824,247,66
7832,2267,387
22680,45,2
40765,93,32
25137,283,81
17378,98,56
319,145,31
56490,1236,665
25041,1294,173
62283,3,0
2568,1190,221
25694,53,8
14373,45,7
32660,101,28
56799,63,18
24249,701,134
63918,171,27
51473,539,137
45624,24,3
63074,236,94
25304,1663,116
7708,3,1
23491,286,15
3282,49,17
48226,357,70
45293,10,0
27759,3,0
14466,164,2
7623,358,233
20679,94,33
55108,285,71
3477,168,3
47425,120,57
200,284,58
28018,129,13
42203,203,55
16617,122,51
24428,7,2
978,1490,295
35401,19,5
15534,24,4
16125,70,25
50012,6,2
58887,339,41
2429,85,36
13921,12,1
2562,1932,416
28159,481,11
49927,186,5
3031,105,25
35431,158,66
234,119,40
1251,912,423
44495,93,49
57036,234,43
2359,143,16
11594,166,58
45711,467,157
31482,541,180
44532,170,35
53163,14,4
25263,29,10
9582,94,29
60695,84,15
4924,705,128
23430,77,25
35245,84,0
48210,61,8
58314,44,8
34845,20,11
46092,266,29
7112,49,9
343,366,65
16919,18,10
1033,211,63
41921,61,23
25132,60,8
11475,32,4
23043,356,49
9865,304,33
4826,423,89
22745,73,5
50039,774,268
3518,12,8
17624,57,17
2322,131,26
5091,509,73
37890,42,6
11806,86,17
53670,113,21
585,231,65
57353,171,48
46324,101,68
7268,95,22
27959,2,0
683,55,13
9425,42,21
41939,14,1
34252,963,591
42741,344,20
25870,56,13
25029,538,88
60724,112,22
44795,46,16
9477,83,11
56743,13,7
15460,38,13
52551,313,92
5242,63,22
41918,80,12
62362,33,6
48743,49,7
65872,3,0
33050,15,9
52522,74,4
5423,20,0
4340,729,54
62,65,28
8025,51,6
28724,2111,232
14530,363,35
21082,191,54
53214,605,35
40969,7,5
26529,201,14
44059,327,13
51702,294,139
1306,117,41
48740,36,7
52232,34,11
58178,225,103
45148,720,58
12073,34,10
93,102,11
1832,96,15
46095,92,16
34106,210,21
24404,4,0
11881,514,30
3850,4,4
61610,139,72
54574,228,13
15996,65,22
63434,231,16
7605,76,38
46087,68,4
40744,377,22
32848,554,35
59798,18,0
58664,68,20
461,60,32
40023,372,48
44604,631,436
2620,50,15
2932,2873,150
883,287,76
44405,41,7
9156,186,86
6126,74,45
41957,832,18
5034,141,8
62192,46,5
18702,98,11
49835,20,5
385,229,84
3516,143,7
64269,37,13
20996,280,12
40992,94,26
6347,175,97
60743,627,77
46474,57,13
29921,1,0
8199,22,1
5750,5414,676
400,365,79
16864,431,12
37999,757,350
66288,14,0
14622,123,57
57167,38,1
42491,23,9
100,824,119
204,637,220
53837,239,38
1048,501,112
16877,44,0
60126,219,69
49139,121,3
10035,1017,123
34854,227,59
65809,146,16
62770,1,0
15540,143,21
15946,54,10
406,77,46
40824,863,61
21412,15,0
1056,142,47
58567,410,59
60319,15,4
50275,6,0
443,74,34
12552,85,39
2538,66,20
4366,26,7
11373,51,39
30161,38,23
4064,16,16
46791,22,3
34405,104,6
46295,11,4
25354,73,10
704,57,36
6092,12,4
2263,42,3
394,600,139
55173,28,7
64033,250,19
16022,44,3
21293,123,28
18377,57,21
898,20,4
53221,7,3
52015,54,21
31222,10,3
210,535,161
57366,311,38
5105,181,19
42986,21,1
24247,40,13
586,40,18
47453,265,10
3383,56,9
7383,469,181
7598,29,4
60750,7,0
18379,11,2
370,198,97
15998,41,15
39961,12,4
63307,17,6
53692,88,0
470,54,5
24188,343,146
3102,72,4
16770,214,129
7388,116,16
25868,48,20
28182,355,129
67085,60,0
6173,296,76
10178,171,10
283,172,38
8400,370,39
45004,561,27
41773,38,6
741,786,131
45815,23,1
3592,209,23
23,408,43
66671,28,4
13123,21,2
21114,115,30
6077,7,0
230,57,11
5167,154,15
48071,222,18
5065,111,22
24336,879,0
56561,305,148
3071,345,100
30745,53,11
4894,9,1
7621,886,142
31669,357,56
386,85,13
47692,763,108
14965,341,18
9157,62,20
17530,289,47
46182,31,4
27910,15,4
61867,72,45
26526,17,2
22432,849,137
4715,33,4
1110,28,6
52017,76,19
44172,38,8
25378,509,32
39507,159,18
17357,32,11
21064,320,63
23317,349,27
49049,85,30
20434,196,32
5283,97,42
31356,30,11
14592,51,13
66241,61,14
5096,190,16
18353,19,1
1984,83,2
20934,27,15
9337,23,10
63342,378,3
2090,119,36
10797,81,14
20560,27,7
55766,112,13
30653,33,18
33347,233,37
43201,58,5
33342,148,7
38225,343,46
18607,13,7
60880,279,17
38698,136,3
30431,14,3
46442,1315,1145
1551,117,36
39396,98,14
33162,270,46
12768,145,30
445,15,5
45427,228,32
20455,27,1
18360,32,6
33219,18,1
16513,67,4
5588,373,63
62683,414,35
22209,60,5
17,76,43
59393,326,38
20014,33,8
20354,17,2
14728,23,10
59666,27,5
63278,565,101
35111,269,46
47637,1140,196
66409,37,0
21469,121,16
15253,72,8
46866,21,6
11534,4,1
42761,20,5
1018,50,11
24335,85,9
25815,996,806
45955,1002,62
48159,92,6
27129,78,11
66740,19,5
809,94,14
30059,255,18
11799,81,16
30236,121,17
531,66,17
14508,122,23
53158,348,19
6330,145,22
12757,246,53
44962,191,25
26839,87,34
29820,162,82
44178,278,70
47693,267,46
17230,40,11
8356,70,22
15899,70,18
10961,11,0
5392,290,27
9725,602,99
6067,45,7
52475,85,33
272,463,62
1014,63,12
28988,212,42
39605,39,0
276,61,1
1579,144,39
1599,595,147
11658,25,7
46214,16,3
52319,99,30
44544,145,105
17801,69,9
31772,36,4
9936,171,24
44873,56,14
70,64,7
11620,75,50
5196,19,5
53152,299,124
1126,115,10
14605,14,6
56560,141,14
29954,54,12
46861,18,1
58113,45,2
26222,85,64
15052,193,45
58649,426,69
1765,51,18
34259,128,18
42620,11,3
9266,606,91
58926,52,3
54064,185,60
306,2,0
32643,163,40
930,89,9
64016,4,0
5641,608,91
6238,1370,144
54878,192,45
2437,75,31
49285,46,6
1969,304,135
65990,86,28
2119,12,7
26505,107,27
1324,16,5
6377,153,134
17161,2,0
3854,181,51
626,610,139
66457,136,11
801,123,4
64058,14,0
2138,63,40
39868,54,19
7039,8,4
2484,66,10
17887,181,33
13931,96,40
3365,147,68
17037,56,20
2239,44,7
31084,38,6
966,121,59
3765,132,61
16261,138,53
39641,4,1
12165,121,32
64019,35,11
42019,77,32
44354,9,1
40927,183,85
62178,104,5
67063,49,2
57321,1066,364
61539,8,0
16609,2,1
36092,23,11
54170,228,19
3842,46,8
5267,96,76
7712,203,45
24641,137,38
32134,483,23
36426,344,93
55070,128,19
48871,65,6
7366,457,81
63324,318,67
36,26,14
45818,38,19
54605,240,46
20202,122,1
731,696,93
2336,1,1
47043,690,186
12831,495,41
758,161,11
12285,96,28
9818,77,29
9154,180,9
16198,51,13
5950,5,2
344,202,82
53444,90,13
1890,47,10
20272,142,15
49287,231,34
16337,1,0
52762,78,17
46876,16,0
51516,3,2
13621,110,9
40466,1,0
40301,1,0
39411,11,2
13728,113,8
6195,5,0
15272,64,14
19419,41,24
63565,1251,971
4114,71,22
12364,186,70
20380,65,35
25640,102,7
60142,192,96
7765,2,1
1923,27,1
43045,59,16
35411,441,73
36151,63,10
43292,49,23
38393,22,1
64131,325,7
29,224,58
25631,65,11
5046,184,51
27159,8,4
11142,427,43
24245,117,6
30586,21,2
41320,153,20
28520,17,0
61388,18,7
41620,9,3
32897,87,2
22744,2092,323
51581,1089,84
60561,246,44
48176,65,21
1350,123,36
49787,170,47
35208,26,10
44966,193,17
48819,60,0
2964,221,53
39364,10,0
39468,53,2
39231,80,0
66294,96,24
25684,90,4
20606,28,6
56832,63,18
28449,17,2
6017,97,56
7371,96,18
34156,81,21
52280,63,6
64915,22,2
9395,38,12
4106,19,8
37055,195,25
38008,63,2
14644,17,1
39677,105,10
21484,6,2
144,21,10
44951,97,25
36821,479,16
36880,92,7
1859,48,40
5677,123,19
46311,2,0
15650,62,5
9078,43,3
55,61,8
36683,38,14
44225,83,1
4874,49,36
57124,12,8
32349,173,24
614,57,13
783,50,0
4791,83,13
47563,10,4
404,193,56
60757,3,1
48097,576,23
2226,175,10
59931,7,1
5430,56,10
23675,209,20
59729,75,20
21388,639,104
58339,133,0
15957,186,10
8820,54,15
66953,202,9
4367,53,1
2775,29,10
61857,15,0
5205,102,38
37299,6,1
66176,14,0
802,49,21
56984,27,5
39657,99,25
12444,35,6
62761,53,3
29287,157,44
2301,25,4
24138,167,46
35392,226,34
632,2,0
66547,119,65
19502,66,15
4423,90,1
56692,28,2
65317,70,25
774,434,92
938,97,10
52245,16,12
53471,72,8
60,141,54
38678,244,33
5780,178,15
9895,20,6
9442,151,39
56683,74,19
29454,43,4
46788,494,0
28370,12,0
36176,6715,597
60421,280,44
13162,507,98
8734,29,14
56834,66,21
63014,204,27
63972,30,16
48571,22,2
48510,44,16
54113,73,13
28114,117,12
56321,38,1
1263,526,127
63700,2,0
66443,524,119
29369,233,48
26355,148,11
26755,117,85
1125,31,5
11921,20,2
5590,100,29
121,421,121
53115,239,6
39477,61,23
14763,48,14
8838,86,12
42920,242,9
37546,120,52
61802,55,8
39103,8,0
58673,37,8
50261,39,10
20352,16,0
21802,302,20
53385,629,132
35976,509,13
639,188,25
33995,36,4
24118,84,11
3685,23,20
63028,20,1
1337,96,8
16632,167,13
63558,57,0
15389,80,32
31353,136,17
32129,246,44
33803,182,31
2616,11,10
2425,139,44
48726,6,0
12581,51,2
10917,207,0
24030,12,1
14495,29,2
893,319,84
20158,817,299
35064,3,0
13578,22,2
1003,105,36
42523,6,3
20732,51,17
32786,3,1
65520,95,11
29272,92,26
42908,20,4
26670,162,76
44281,850,35
17487,34,6
28234,23,0
13836,306,55
39668,79,0
23934,187,17
2866,566,239
56843,52,12
29313,121,23
39237,19,2
48835,1,0
23196,677,89
26920,7,0
53607,576,23
929,14,0
14364,64,13
38066,125,50
47691,21,4
60618,175,15
25327,696,160
29161,30,7
14849,237,32
3484,89,19
62851,48,4
268,108,19
48795,14,0
7900,210,76
26678,54,20
1132,20,1
5957,42,7
29668,74,18
376,127,6
29278,73,18
13568,80,18
54952,11,2
64914,127,38
41500,192,10
2334,51,15
5508,42,14
39317,52,11
50293,27,1
19385,29,10
58931,30,21
189,359,101
1410,15,3
16761,132,11
15379,177,12
35153,1155,39
50249,309,31
8934,85,19
231,83,6
18703,2679,297
45009,226,19
15422,21,1
24338,5,1
62530,29,8
1522,20,5
45465,120,21
4083,45,8
6221,64,21
652,394,67
42777,191,35
63922,208,6
41707,14,5
41992,76,27
24801,43,7
31950,24,0
4845,5,3
48651,22,5
21060,844,31
34031,32,5
1500,15,7
28607,35,3
30794,167,23
44986,248,43
48288,1,1
53095,1,1
47282,208,57
25101,227,16
47156,52,5
5934,59,0
31730,22,2
40876,49,7
6876,49,6
42917,9,1
41490,43,6
33376,14,1
26891,8,0
16633,258,7
43277,100,13
47175,26,14
40209,9,5
16490,247,9
455,344,99
7309,222,37
42775,255,49
40939,23,1
7880,32,7
62038,15,3
53298,1655,81
2048,238,25
16073,221,39
9521,45,11
23933,102,22
24919,49,4
60760,30,6
2976,57,35
19746,21,2
48997,40,10
6156,147,106
56871,83,15
47752,52,13
47355,55,4
17443,24,4
1713,78,12
36122,28,1
3818,122,18
44619,15,0
17599,30,9
36135,21,2
17885,411,14
23657,129,57
56648,1960,17
35181,133,6
1880,20,9
35088,359,14
5769,10,1
38061,493,188
36219,401,42
18003,540,80
5935,40,2
50107,68,7
24833,3,0
6987,222,45
34016,38,2
46786,568,52
40947,18,1
19736,49,0
34519,184,17
54631,124,79
8269,11,9
60625,65,14
23363,21,5
1260,122,28
16028,27,4
17857,13,4
16425,161,83
66356,46,3
20015,53,22
40931,22,4
28138,6,1
3109,32,6
5532,94,18
37832,3,1
12114,19,5
47142,196,38
24647,52,44
57613,70,24
50329,179,45
58075,2,0
6142,38,29
538,18,4
22746,367,39
20917,78,10
21785,9,4
65552,89,29
56708,136,16
54968,38,7
47994,248,32
17444,8,1
900,7,0
14948,53,17
9218,24,7
4927,48,2
58384,2,1
28394,193,67
41961,8,4
65977,42,15
33563,115,18
38543,35,21
39979,31,24
59054,59,11
1201,40,14
25534,431,59
21866,17,3
7212,158,52
36243,181,31
4502,7,1
39023,20,4
4917,89,28
37020,125,28
55952,45,23
66088,51,10
42373,33,2
4806,56,12
29917,92,20
4294,254,56
2367,74,27
12732,468,48
66930,104,18
24364,2,1
40022,24,8
19382,47,6
2189,16,6
4617,83,12
63691,173,17
27457,187,58
60852,51,0
18502,5,1
9234,520,74
60531,128,12
10425,34,15
9123,22,13
20908,8,3
63950,12,3
48550,67,29
49972,448,9
25036,7,4
45454,20,2
21072,18,6
39247,10,2
21073,10,3
40711,33,6
23210,91,26
53198,60,11
63701,2,1
16998,102,6
62508,29,0
21125,74,14
41273,1,0
17436,68,12
40522,104,12
22555,52,4
15000,5,1
5635,72,9
26359,300,61
40815,43,3
353,11,6
62810,10,3
48074,13,4
46179,334,48
40376,67,37
17094,71,17
59817,111,4
64815,50,8
12575,17,1
1102,40,13
35520,227,51
40019,76,2
41993,107,11
52525,66,14
45008,2,0
65108,20,4
65865,37,3
23116,15,6
56854,375,51
45049,184,11
47290,5,0
30504,165,27
61626,37,11
50102,167,21
58171,11,0
3185,39,5
28698,285,4
11033,17,5
39294,108,25
9230,59,14
36025,161,25
7699,48,9
28928,167,86
9718,5,2
9396,64,10
9146,11,1
13045,63,24
5195,116,9
37242,45,18
44433,13,2
3333,60,20
41190,67,8
630,90,13
45591,81,5
33558,27,6
16056,9,0
35021,184,18
21678,10,2
13056,75,10
53804,17,1
31202,39,5
60741,86,21
60285,181,18
22918,68,23
21365,80,15
9985,157,59
61814,73,12
54148,16,4
40031,19,5
39808,6,0
19600,191,22
53745,187,6
42572,19,2
66818,121,24
52898,298,33
13516,201,49
4765,65,13
56891,64,2
64002,44,1
9263,13,0
2534,233,72
45744,31,5
54074,28,7
59888,16,8
2028,44,8
64578,78,12
9981,16,2
42396,12,6
3739,60,15
64689,28,2
18872,438,41
63986,16,4
51403,42,20
25324,29,3
65243,56,16
9387,288,114
37803,36,3
1615,26,5
5979,35,7
52100,44,4
17635,175,27
3267,35,8
6187,30,1
42694,398,325
28388,12,0
38582,173,44
11520,32,14
34421,39,27
3359,260,12
32935,11,2
11249,38,1
54538,66,1
37366,173,5
42030,232,33
40452,2,1
40525,7,1
48583,59,3
58949,26,3
56596,76,11
31642,64,59
26296,10,1
54202,148,109
10613,15,12
42648,236,9
2640,41,16
24986,17,3
43001,290,142
66177,51,0
904,31,4
16994,23,18
40396,44,14
63333,72,3
55686,14,3
49051,16,10
32402,31,6
29663,1,1
4913,23,19
5920,141,15
50307,7,0
44315,180,14
49849,176,65
5949,125,105
2984,1,0
33346,10,1
32440,26,7
33205,59,13
9510,267,31
274,200,105
41122,25,1
25728,34,3
24119,84,4
5156,139,31
41525,10,0
23504,97,33
51617,8,2
65892,6,1
34812,15,8
12299,82,15
26605,2,0
25988,37,13
40814,50,11
52306,44,11
4696,53,2
11600,3,1
13413,216,25
42978,69,28
1991,36,3
45030,353,61
1103,87,23
60021,17,2
34335,39,24
46725,15,9
1427,147,21
66462,309,10
16085,72,6
21718,3,0
15184,78,40
26606,49,1
53470,39,3
7562,4,1
1477,59,5
53828,83,5
54532,306,34
409,96,35
60674,18,6
45384,11,5
39179,37,19
39712,25,12
19381,16,1
31708,61,21
40566,202,40
25460,87,56
37894,205,10
67133,2,1
57459,3,0
40470,102,3
25102,196,14
65939,2,0
30222,21,14
60915,8,3
32415,25,15
37639,142,94
25586,9,0
32274,33,6
49345,26,6
26465,30,3
39972,454,98
6959,24,23
1949,120,43
5266,156,32
361,40,4
49043,52,13
11854,10,2
17721,77,16
33749,42,9
64691,23,4
73,249,89
56371,50,19
57111,33,9
26938,45,36
1825,387,274
3612,45,7
383,77,8
50078,46,27
53077,1,0
5104,67,21
20209,60,6
47830,15,4
3910,6,2
40077,49,7
35773,9,5
3168,174,22
50055,94,21
25131,73,5
4293,95,21
54115,157,15
5709,70,27
54243,18,5
24402,79,7
49293,12,4
54134,89,6
42094,5,0
42864,98,18
46856,10,0
9355,149,26
44761,15,3
31329,97,48
41358,10,0
832,122,22
4733,37,7
65081,5,1
32813,83,16
1848,130,27
32184,6,0
33055,43,37
48246,15,2
1702,24,6
64250,52,14
56821,76,29
42621,49,6
59980,46,15
45013,74,17
1678,47,14
12915,48,10
30226,45,10
65680,37,4
27788,2,0
1591,18,8
46067,2,0
39960,45,6
31779,11,8
45622,55,10
66680,4,1
41261,16,4
64279,49,8
64051,44,32
33487,269,58
40219,364,84
13079,75,16
45164,55,20
12886,3,3
41538,45,17
48032,59,11
52178,13,2
4872,212,55
664,49,10
11566,65,11
60971,14,7
44485,40,5
1987,18,2
58538,280,39
40716,44,41
48816,214,55
38047,67,8
15961,1007,824
7216,117,20
6427,19,7
53414,24,5
64715,94,31
15519,56,20
14613,20,1
28709,52,6
1369,118,11
17391,54,14
49096,4,2
59520,63,3
52082,5,3
46522,7,0
44896,57,14
10024,141,9
51521,52,2
38568,274,24
410,258,79
1623,140,3
60393,39,0
66831,55,43
1900,79,1
2133,153,53
40238,64,12
31886,105,15
65237,42,8
37177,12,3
39625,74,11
14510,17,0
47720,48,7
24439,26,9
524,315,34
34337,73,7
688,72,22
60807,2,0
41137,21,3
1877,10,0
925,145,22
59138,2,1
5675,102,40
53769,19,2
42293,94,18
6925,10,1
47575,199,67
331,69,2
46705,15,0
36730,58,7
22377,6,0
39976,97,66
1038,1,1
2934,64,4
7306,64,21
63472,3,1
40760,46,7
16099,119,78
38077,18,5
9963,124,67
12594,4,1
34118,226,49
440,91,10
42379,4,0
486,30,9
15576,21,2
66602,11,8
1895,63,9
38451,51,22
40388,31,0
54710,25,0
59112,17,3
62432,10,0
62100,82,12
39901,280,14
179,78,19
54953,344,72
40240,105,29
47546,6,1
44385,5,3
9614,77,17
30691,25,1
60849,1,0
4841,37,6
9886,109,13
38590,11,5
26952,46,4
46792,5,5
10090,9,2
62765,57,5
58552,15,2
44,119,29
17746,57,12
40300,17,2
40681,2,0
32346,4,3
27218,8,0
11106,20,4
21013,13,4
11193,1,1
55114,70,3
33086,195,72
43074,64,4
1756,45,7
34117,40,16
26530,47,37
24344,21,0
61537,21,7
17383,77,6
2506,20,5
53333,4,0
42013,7,1
33118,50,22
64180,35,3
36023,110,13
24857,226,20
16474,118,6
47362,120,20
58582,28,6
39707,221,32
26751,140,32
5547,13,2
15704,58,12
65362,19,3
2824,40,6
15792,6,0
52486,4,1
40889,69,52
6060,103,19
4242,58,2
41751,64,14
9721,58,6
39682,198,43
20682,44,2
65525,4,0
16693,16,5
5459,178,31
24626,40,14
5190,38,7
39906,14,5
47751,68,7
50318,25,3
19744,69,12
8074,47,8
67128,1,0
25157,47,5
27014,109,57
56866,11,3
43351,33,5
64082,36,0
59987,32,10
2788,113,25
54183,6,2
23580,21,8
31584,3,0
6469,184,71
710,56,19
53321,1,1
46702,4,0
1312,58,25
42659,3,0
48258,52,12
669,350,43
24483,38,11
44529,14,7
16002,50,15
31418,39,5
29844,102,32
37144,62,8
43115,4,0
55391,23,1
54217,16,4
36172,73,11
17400,52,36
57806,5,1
60400,3,0
44218,116,10
57939,51,7
26935,428,38
14970,103,12
49967,151,64
67028,17,3
4975,9,6
48062,31,0
43202,73,20
16805,9,3
65598,17,4
17484,17,1
23207,4,3
60251,134,0
55568,22,3
14550,16,1
20368,23,5
61756,52,34
15734,10,2
6048,10,0
25307,59,7
43091,4,1
43085,22,9
10167,92,8
11219,4,1
4059,55,21
1962,81,12
38653,130,20
57131,47,21
4635,240,45
60712,1,1
41583,22,6
42747,3,0
33027,97,19
42707,34,11
38612,99,52
4213,56,12
41046,20,3
33533,36,5
35074,76,4
3742,157,95
53848,2,0
51481,21,2
4515,41,8
42055,8,5
3376,89,57
36710,47,10
2106,15,5
33437,22,2
52448,1,0
30063,28,22
25776,17,2
29772,12,3
44333,265,38
58541,29,1
24546,84,10
49150,6,2
65523,1,1
1971,74,17
25607,12,2
40899,9,0
13671,2,1
34352,15,1
598,24,15
54375,9,2
19069,129,19
25806,26,6
62852,42,3
58639,6,2
58832,12,0
31624,50,5
56318,1,0
3980,72,21
1088,2,0
23184,51,14
60603,9,2
42082,31,2
9736,2,0
14450,163,34
18627,25,5
43315,38,8
52181,1,0
65353,12,1
61195,26,5
30871,18,1
49490,15,0
11435,56,8
53961,6,3
55279,52,1
19731,19,5
59101,2,1
45203,98,13
16167,33,5
46100,99,10
25201,115,15
46521,10,1
4939,25,6
58099,8,0
12857,40,7
60678,92,6
23384,6,1
60663,38,5
51677,4,1
37133,284,13
3620,37,15
12533,36,6
41363,31,17
5199,5,1
46423,7,2
5652,50,8
40348,58,14
7161,85,17
4606,32,14
66608,16,5
46044,2,0
17210,154,8
61892,43,14
54798,3,0
25286,13,4
57101,338,18
58920,3,1
62766,116,10
60564,88,15
59106,16,2
4550,12,9
33156,1,0
30928,312,190
49861,87,9
12595,23,7
59939,18,4
45278,21,7
44865,7,2
1415,24,6
40737,17,3
34249,49,8
10000,93,17
10886,228,87
6035,24,0
43328,22,15
49785,1,0
12521,18,2
611,18,8
46867,19,7
54531,2,0
12358,12,10
57924,23,5
66249,12,4
22592,13,4
58553,166,30
47943,31,8
36929,223,16
62955,2,1
8291,34,5
15898,57,13
67129,1,0
61405,9,2
6976,69,13
39524,12,4
1404,8,2
43086,50,12
50059,127,4
41220,46,7
42693,42,5
40076,23,0
44808,18,1
61528,84,32
59535,87,6
878,108,30
59772,7,3
61543,8,1
45269,1,0
2882,166,101
28764,20,5
8231,127,36
35813,7,2
2283,14,2
2701,147,44
1262,13,4
25237,1,1
23679,43,9
56748,24,14
35647,35,4
62953,9,2
35678,57,13
40955,22,8
56141,5,1
57986,33,10
41384,11,3
59401,2,0
66899,1,1
26818,17,6
51646,34,6
13785,45,18
57053,18,1
56523,46,22
26691,20,5
536,18,2
20430,3,1
13133,2,1
458,37,28
26017,47,5
55206,18,0
54104,34,6
47973,31,2
8203,144,52
34292,10,4
52235,2,0
60977,8,1
9841,6,1
42179,6,1
58204,1,1
11537,16,11
65090,4,2
55882,3,1
11529,28,0
64360,1,0
12476,4,0
20197,1,0
41464,2,2
29737,29,6
66061,1,0
11656,23,7
53597,17,5
57579,12,0
64945,5,1
23731,25,4
17521,27,12
64924,8,1
22704,13,6
47053,90,10
3337,26,4
53016,17,0
27526,17,6
7909,12,5
8926,87,57
53434,21,8
53990,1,0
22077,9,0
7611,6,2
24379,8,0
65333,7,3
7934,90,44
47057,9,4
22302,1,0
24101,38,5
9912,38,3
21478,16,11
34240,5,0
66950,11,1
13462,5,1
62271,2,0
50136,12,7
64331,18,10
33547,54,8
9595,24,19
35974,141,41
16776,51,9
37877,42,18
66679,118,10
34577,12,5
30159,46,22
59105,22,4
34326,2,0
65191,2,1
2116,22,11
32423,7,3
8179,14,2
25701,13,9
26663,126,6
53884,4,0
2453,137,49
24840,49,14
30363,7,0
23499,12,10
25322,41,7
16021,6,1
8445,49,11
15561,25,3
14127,21,3
58390,41,6
57436,3,0
8977,18,9
1270,4,1
34349,1,0
4131,34,17
26661,29,7
50155,87,15
11609,19,6
7047,4,2
8995,39,19
52568,2,0
11948,14,9
13828,1,0
41372,63,2
28740,63,2
26929,24,3
13409,8,5
64456,41,10
20241,8,6
6321,13,3
20825,31,10
33646,3,0
4427,2,0
7687,8,5
36005,18,4
42808,202,4
4909,19,0
17926,53,32
11400,15,7
27239,9,0
26650,25,22
60017,32,12
8980,26,4
2494,40,24
50052,20,6
56447,171,20
48782,38,9
16488,7,5
6354,17,12
37297,334,48
11478,17,11
41099,144,65
26760,4,0
11401,5,3
6282,65,19
157,117,24
15904,17,4
52983,26,7
16591,268,38
11446,54,15
60155,62,17
30261,108,33
61328,17,5
15790,110,57
26753,25,12
57491,45,2
10401,10,3
17118,32,8
44201,27,7
64363,64,41
47177,100,46
27163,63,17
34785,66,14
60612,17,4
38610,36,9
41106,32,14
64947,20,3
41699,13,0
3539,36,24
5270,1,1
60847,54,16
3402,279,57
11611,82,25
23767,17,0
16577,67,54
29442,27,3
6285,2,1
14799,23,1
57272,36,11
11892,45,2
20080,62,8
30235,9,4
48503,36,3
41511,2,2
39455,1,0
6270,5,1
27529,22,7
27458,16,7
45455,13,0
16275,61,26
40794,35,8
31381,4,0
20885,82,9
30943,7,7
9934,96,6
41247,41,9
60080,1,1
59459,205,41
53397,16,5
12053,34,9
59687,116,27
39814,49,4
12646,16,4
52244,13,5
30701,18,0
4762,3,0
1259,47,17
16137,2,0
17497,18,9
57010,3,0
41194,1,0
65553,17,4
16048,2,1
43362,234,57
10929,110,27
25173,13,5
11720,3,1
20285,30,27
65130,30,6
66173,1,0
61605,40,7
63308,11,1
29833,31,13
14176,4,0
63995,32,4
63672,92,7
52584,56,6
18051,20,6
3481,5,0
5900,14,4
63320,39,8
42668,111,50
36230,23,1
41493,21,3
54698,103,21
12703,20,0
29283,145,8
6110,81,18
54336,12,1
13072,59,7
40759,17,15
17771,46,6
41189,7,1
53394,24,2
1373,43,15
16663,32,7
55267,11,1
16036,118,7
64921,1,0
45186,17,6
2486,502,249
19494,13,1
25576,78,24
3281,27,0
42422,23,8
41940,12,9
48758,108,4
47150,37,3
634,9,2
65645,3,0
63275,1,0
21578,63,7
19444,113,4
14792,163,100
58412,12,3
39413,10,1
48036,76,44
63709,52,6
15651,19,1
41053,9,0
27041,51,14
54503,34,0
12584,36,2
63917,56,6
7102,128,12
12159,5,0
23231,40,5
24113,30,14
3957,31,4
1365,40,2
23028,9,7
26887,82,30
59677,22,2
44195,304,161
38705,96,22
36431,2,2
44063,33,7
4690,116,15
64873,10,2
48850,3,0
46409,12,0
9080,34,9
1586,183,47
1199,75,21
58361,1,0
57836,124,12
23734,36,14
53682,14,3
35065,14,3
45543,14,4
36887,5,0
28717,18,1
10674,2,0
44114,23,10
20902,10,4
4137,9,0
9599,10,0
13042,33,21
46183,1,0
15093,5,3
61347,31,6
20869,18,10
9642,69,17
40693,68,4
58890,38,4
48267,5,0
3255,11,4
17675,1,0
6005,72,7
42661,10,0
38643,44,22
5753,34,4
2375,19,7
14401,22,0
51625,21,10
20421,81,25
16957,67,12
34316,40,15
53925,32,1
1221,6,0
36382,1,0
63161,72,5
25124,41,6
36718,6,0
9532,38,32
45382,17,3
55357,21,7
25935,14,1
29477,33,3
60718,65,1
65568,36,5
37551,91,9
62950,9,0
5020,123,2
53078,19,0
40084,23,4
6328,10,2
62367,34,12
3580,21,9
61194,231,12
26577,3,1
33322,6,0
2947,78,0
15438,19,1
3285,13,1
5799,61,11
2716,2,2
39566,54,4
28655,11,4
40583,165,55
877,458,89
24455,1,0
26682,94,15
2536,24,5
43307,55,22
48797,12,3
60412,33,15
46753,10,0
57926,1,0
53257,10,4
46083,24,2
57551,6,0
50290,15,1
10901,36,7
29729,8,1
61162,76,6
17424,2,0
39,124,32
34120,35,14
58543,63,11
63875,81,2
9935,65,4
2511,22,21
45876,147,44
55008,13,0
3032,10,3
54385,2,0
62760,130,2
44769,1,1
42145,104,2
61279,53,10
40115,18,4
37899,30,3
16075,14,0
62697,2,0
111,56,28
13431,151,35
62540,91,25
29020,13,0
65622,16,5
28302,82,13
67109,2,0
54066,29,1
66417,11,6
9537,16,7
49958,11,0
39909,13,5
61592,1,1
1710,134,67
30853,3,0
27691,2,1
54049,39,8
46084,2,2
10059,5,0
57531,45,10
58905,72,0
1932,245,10
41656,26,4
13269,14,5
55087,41,8
66555,59,5
24525,58,31
1758,6,0
48762,50,17
23814,19,4
40114,35,4
57171,16,1
12354,201,30
24708,20,3
61555,23,8
55985,7,1
24175,15,9
7293,35,7
14145,3,0
64071,3,0
25601,7,0
63432,4,2
59419,25,10
21334,99,8
19105,9,0
59628,64,36
920,9,3
3927,20,0
45586,74,24
27927,22,7
12524,52,9
41060,28,4
4938,73,4
48001,122,10
54371,1,0
6455,24,1
45742,15,1
64721,8,0
17708,142,53
19387,7,0
65438,34,7
22267,18,1
39333,86,9
54849,9,4
21743,27,4
3870,46,5
65230,29,8
61006,20,11
5116,32,1
66487,31,0
66600,11,5
37783,1,0
37061,91,10
23851,4,2
42300,19,2
42976,4,0
55945,248,23
47513,10,0
48800,59,11
46443,15,1
730,129,12
63997,31,5
60331,17,7
3320,42,6
17722,15,2
66371,10,4
63239,6,0
39722,25,9
59576,10,2
1975,55,25
5452,9,3
42043,68,14
43357,87,16
51700,4,0
6917,32,16
40168,55,15
60973,14,7
59846,9,3
67098,7,0
45343,17,4
3892,22,7
51980,47,6
41045,67,33
59347,1,1
22242,229,33
10987,22,8
31908,6,2
8784,11,1
62263,108,18
60488,4,3
33116,20,2
17737,26,6
41350,18,2
17556,11,3
64817,20,1
52329,1,0
66096,12,0
4286,1,0
15495,1,0
56354,6,3
17850,41,30
33198,6,0
17486,24,0
47369,71,25
21935,46,3
12929,42,7
6909,12,4
20290,11,2
17409,5,0
7837,45,16
66579,3,0
31823,26,1
53509,2,0
20879,1,0
16881,9,1
25658,42,17
21699,18,4
28664,10,3
3827,24,8
1862,118,23
25850,16,10
21437,68,27
39360,12,7
55579,7,4
23472,20,4
31433,22,7
62541,141,23
27546,37,21
56925,1,0
2292,8,1
55056,39,0
16885,37,10
62294,12,3
8805,64,33
61274,40,10
66447,46,9
24120,59,20
60363,6,0
15727,9,1
25443,28,15
4304,3,3
2076,137,5
4524,32,2
2853,48,12
1351,222,28
21685,8,0
442,241,37
25130,263,61
21104,2,2
5227,10,8
20588,24,3
39637,83,29
12223,29,13
20431,11,2
60859,1,0
5742,5,0
15555,59,13
5558,75,41
65312,19,4
62332,57,6
1210,6,4
30785,36,6
64145,48,7
27547,22,4
49050,3,2
54796,26,0
16868,35,16
15398,82,15
15489,12,0
37150,4,0
1697,34,17
21820,31,4
12548,33,5
25015,19,7
54118,88,1
14667,2,1
7933,6,2
4307,23,5
574,67,6
15126,1,0
66300,38,10
49040,37,4
42677,2,0
24994,30,16
7767,121,31
24012,4,0
40995,15,7
39229,24,5
3561,103,24
39727,38,2
29769,8,0
64908,166,8
35262,65,15
3636,32,1
918,47,5
38671,223,40
1577,7,2
15066,8,0
47541,5,3
25259,41,7
65322,45,3
60530,29,5
19684,26,6
3674,16,1
44745,3,1
34539,43,6
776,39,23
54198,41,9
49948,149,34
49836,3,3
9338,32,14
32448,31,0
3380,35,11
57385,6,0
425,3,2
46349,10,0
65020,9,0
61343,2,0
945,89,47
17736,22,4
55859,18,0
59724,12,2
65358,36,1
41298,59,13
3158,69,5
65563,112,3
57215,15,7
13981,29,21
34848,11,4
47353,9,3
34105,40,23
28073,40,17
21083,34,8
11022,193,32
29289,69,58
44106,80,3
66003,12,0
37032,32,8
65712,1,0
60619,137,17
59350,10,1
34611,3,0
7999,91,70
61800,58,9
40332,1,0
59665,14,4
16983,39,2
32008,1,1
52315,11,3
11317,20,5
34857,13,3
58929,10,0
1494,19,3
42563,5,0
67184,481,56
55489,79,6
796,94,42
46318,7,1
59645,108,20
49962,70,8
7620,51,4
37388,131,20
7652,18,1
52635,8,0
55507,101,35
13596,67,16
49120,13,3
8587,41,30
26435,41,18
7491,26,12
29950,8,0
57803,25,5
65649,5,0
16806,1,0
48504,32,6
31588,29,13
36933,25,14
4345,82,12
51523,88,6
1534,109,43
52317,134,1
1773,95,18
49289,39,3
1644,12,3
13922,13,7
59436,23,9
2217,14,2
54924,2,0
46399,34,4
24620,42,1
30919,7,3
65093,3,0
25100,13,1
45502,32,13
15659,16,0
59933,22,1
20919,29,2
41064,11,2
22473,5,0
856,25,6
62769,31,6
14424,62,9
30963,6,1
59444,13,0
20283,25,10
28846,4,0
3171,55,2
3427,63,7
10436,67,17
407,102,41
9246,24,4
54016,10,2
39737,11,10
42522,26,3
65245,7,0
41431,2,0
58711,151,43
26714,56,8
3501,39,0
49088,1,0
1920,40,11
27317,20,19
46410,78,14
882,15,3
4545,61,9
12914,22,2
66945,140,33
40431,40,3
8889,9,1
28447,142,54
42852,45,10
52010,35,2
56970,129,63
10988,78,1
64091,74,17
61156,2,0
15128,35,5
61398,1,0
59919,16,5
43104,28,10
12682,79,19
21489,15,3
51485,7,1
927,67,34
2543,22,5
21044,38,2
39851,28,19
17893,12,5
32858,6,2
40311,6,2
573,9,2
41126,32,11
44480,15,1
9779,13,2
46256,10,3
8879,10,0
59979,107,6
1419,104,43
13690,79,28
36096,6,3
4838,296,42
35244,35,16
38124,1,0
44334,6,0
12861,51,29
60763,221,96
37373,38,3
21782,128,29
61828,11,4
61945,53,7
25098,10,1
11316,15,0
48995,12,0
5260,8,3
54927,205,9
17935,8,0
51656,23,5
67130,2,1
14841,21,11
47026,139,24
23919,27,10
58554,291,123
55972,1,0
40095,9,8
66133,1,0
36317,49,6
37904,3,0
66702,27,2
21146,94,27
6235,40,21
64690,79,6
2834,9,0
41133,60,7
4748,61,33
64484,26,0
60419,18,2
60520,1,0
6859,35,9
52753,16,0
66851,32,9
41073,75,7
48338,4,0
26676,38,26
46883,59,5
40146,21,0
7258,106,13
66963,4,0
46863,67,19
2103,33,5
25872,137,20
46270,7,3
57906,10,7
38624,1,0
65214,10,0
65993,21,1
45741,12,7
41932,36,2
52503,71,2
40244,63,8
45207,2,0
403,65,6
1379,71,18
65028,10,4
41606,3,0
48292,14,4
5642,38,4
62554,3,0
7657,7,0
34322,7,5
58463,20,5
1453,86,55
21853,24,4
61812,5,1
25726,16,3
13272,34,14
35407,1,1
53498,32,5
35404,133,13
53328,4,2
23084,3,1
41288,7,0
44723,15,0
22247,40,27
64963,1,0
17501,28,1
61024,14,2
27706,15,2
25602,6,1
1783,132,5
24066,5,4
34327,5,1
53976,17,9
58568,5,1
27832,7,1
20425,44,8
54957,39,8
5444,7,1
23459,17,4
40741,2,0
57019,32,14
40704,7,2
9215,3,1
37898,7,1
997,6,1
44969,17,2
13885,15,2
11252,9,6
19727,3,2
54708,50,5
52236,72,19
66291,11,3
44885,1,0
1948,105,7
56244,6,0
62841,1,0
61344,202,14
46137,2,1
52905,19,2
23627,5,2
278,85,25
47560,65,14
48975,25,3
39674,2,0
17723,14,2
5664,46,1
54769,2,1
32923,151,20
58594,81,19
921,122,6
23220,28,5
37130,68,0
22824,32,14
3094,15,9
31233,46,12
52444,17,9
57006,23,1
35285,21,0
48130,9,0
15334,41,14
37649,1,0
16134,5,0
5036,52,6
32217,64,10
35618,17,2
66681,54,1
64261,46,4
3459,74,15
66934,39,10
57360,12,5
903,98,80
43096,61,14
45488,3,1
19383,154,6
56423,7,0
37836,3,0
2651,22,4
66374,22,6
23442,29,17
61530,16,8
63470,23,6
53402,22,4
44353,19,3
1433,35,1
23194,31,0
65982,8,1
36844,48,23
41518,24,0
5941,19,0
7639,70,17
1727,151,10
2535,9,0
33059,49,5
13432,7,4
19405,13,2
61803,2,2
32091,3,1
1604,22,11
63309,13,4
16336,15,2
35242,109,29
36110,16,1
7303,28,5
3616,155,13
38578,23,8
31333,87,12
18576,6,0
5864,16,4
53835,22,4
17449,14,2
1304,26,2
66502,15,0
25030,6,1
63338,5,1
60565,45,9
48778,2,0
18565,76,3
65112,15,5
41670,38,17
66010,45,7
44127,72,0
7528,80,33
50128,14,0
67187,7,0
49951,60,10
48742,22,13
25874,146,8
39565,36,2
57999,10,2
1174,66,45
64389,5,0
1428,71,12
1633,8,1
3473,7,0
33904,12,3
28276,103,31
41844,48,11
2672,58,18
65933,21,0
732,1,1
46773,36,5
43230,5,1
3309,55,21
60831,9,1
41544,28,3
20862,16,2
40056,4,1
64533,3,0
13245,9,6
41265,43,1
42045,23,19
18571,14,2
11833,15,12
36621,7,1
45527,55,27
25697,5,0
59168,13,4
19678,17,7
58100,36,11
30839,1,0
11570,16,3
56669,1,0
28656,13,4
35525,1,0
39484,7,0
39681,35,3
655,38,20
794,34,3
48133,13,10
66242,2,0
17276,1,0
50063,71,35
33766,12,1
22275,8,0
2170,8,0
40999,12,9
10962,19,5
2044,76,21
45003,4,0
152,20,3
564,8,4
49042,7,0
58172,10,4
56941,1,0
64425,11,1
37179,5,0
67113,28,2
40946,4,0
2124,54,34
8996,74,13
4840,4,0
44175,6,1
4260,6,3
48462,1,0
45480,27,14
24021,11,1
624,45,14
35952,6,2
45167,1,0
10176,57,3
61442,76,24
9422,34,14
42374,3,0
41270,2,0
6371,7,1
1411,108,19
21430,29,8
54835,32,20
39174,14,7
58973,9,1
529,6,2
39640,33,18
4037,16,3
48733,3,0
66614,4,0
6855,30,4
19797,95,15
20246,113,72
37369,1,0
26543,47,5
30213,23,9
7586,6,0
64029,14,3
1584,49,9
48308,2,1
21892,9,1
8596,1,1
22134,28,12
42037,40,8
8974,13,5
58263,6,4
23972,5,1
42119,49,3
32288,5,1
44611,47,13
3463,7,0
43118,8,2
9769,4,4
40418,11,2
53395,4,0
26798,3,0
62499,16,0
4654,5,1
63064,48,10
22043,9,1
61166,2,0
6236,10,0
1751,25,2
58289,2,1
22821,10,9
65662,54,11
67193,14,11
62604,3,0
41428,1,1
812,11,4
5295,2,2
39308,4,2
64408,1,0
45610,10,0
65573,6,0
7160,8,3
40549,15,3
19279,18,8
20881,4,1
46236,25,13
63368,32,9
1899,1,0
15931,30,9
39447,9,0
65298,9,4
9726,58,10
67144,3,2
15331,7,2
3446,42,6
46222,2,1
474,32,11
64325,137,11
23047,23,4
53387,1,0
14505,18,11
23352,11,7
64819,1,1
5075,8,5
65103,6,2
62811,14,4
45325,1,1
56426,1,0
54027,8,3
60542,23,6
55546,8,2
66454,1,0
56886,10,4
3202,4,1
5916,50,18
42461,39,15
62493,3,1
9347,24,10
30937,2,0
597,28,4
13090,38,8
57745,4,3
47999,7,1
63442,45,12
4851,8,0
18262,52,31
44971,37,8
28367,1,0
65488,2,1
67192,19,15
52157,10,6
39453,24,2
46080,3,0
40173,5,0
63682,9,2
65812,8,5
53631,13,3
14859,1,0
53973,4,1
17852,73,35
43360,46,1
62572,20,4
18548,41,3
15949,6,2
22299,63,17
16969,15,0
22357,12,6
63871,5,0
65369,9,4
27913,44,18
64064,13,5
21096,23,1
39510,12,0
8654,12,7
32021,1,0
18345,10,7
14624,57,12
17778,27,2
11505,18,5
16399,18,6
14986,16,4
48955,7,2
25186,75,40
5194,305,42
53707,11,8
9182,77,24
66583,2,0
47090,7,5
42934,57,23
40160,1,0
115,113,52
9733,13,0
12631,33,6
16497,2,0
57987,54,8
58643,1,0
10449,26,1
32214,17,0
481,40,6
30023,8,0
9400,13,2
819,37,1
47638,24,6
34354,11,4
1035,296,59
58666,22,0
53407,12,0
56377,68,6
180,114,28
9803,7,1
127,136,41
20692,64,20
20959,105,13
16245,42,16
39986,115,13
44126,1,0
14050,22,12
61908,53,7
39621,1,0
66082,5,1
58256,52,17
37234,94,5
941,67,20
4752,14,4
48263,39,3
26515,4,1
59259,19,3
14095,16,8
60991,117,38
28168,63,0
16452,54,26
3025,26,7
18376,124,7
11614,1,0
46142,24,0
9175,8,3
31419,31,0
8237,7,4
52438,11,7
22246,10,6
62943,37,6
18585,44,23
67089,34,5
42499,36,9
21075,25,1
65527,1,0
53615,66,33
9600,9,0
66584,1,0
1771,43,10
61128,14,1
14179,36,6
31027,6,1
4516,17,4
17749,54,6
47248,4,0
1656,19,18
65594,10,0
9494,32,6
14625,22,1
6064,3,0
54915,22,6
36112,45,17
66948,11,0
64814,4,1
36042,91,24
46101,18,3
5263,13,0
8595,35,14
32470,25,8
1374,54,10
8856,35,7
5648,42,8
37938,37,16
34969,16,10
10084,50,14
672,26,9
48287,24,16
7971,7,1
3662,8,1
12632,81,35
9091,47,5
34231,5,0
22986,15,4
28714,2,1
54529,18,0
26634,4,3
66652,7,4
8197,20,7
53900,9,2
18319,12,2
44423,5,2
9122,32,0
62260,54,4
4911,78,10
43072,27,0
40918,28,13
25203,21,0
702,57,21
34301,7,1
58562,4,0
60739,4,0
55387,61,22
67186,1,1
61833,19,2
21708,118,29
63512,9,5
66295,10,7
11063,8,1
31644,53,4
10965,3,2
53437,45,15
53609,38,1
64997,4,0
5903,1,0
62084,40,7
49292,66,23
34920,2,1
2428,7,4
2293,20,1
2915,58,36
31626,5,3
21738,23,2
11789,9,1
23061,16,1
2127,18,7
51593,9,0
58312,15,1
40377,40,8
25591,48,10
1931,6,0
349,7,6
33794,1,0
13655,38,5
31751,1,0
29895,31,0
66824,1,0
61223,28,5
67206,113,25
63449,34,4
10015,28,2
16330,1,0
54253,65,5
54461,12,1
23042,1,0
17700,2,0
62182,59,9
30718,2,0
59971,49,2
5387,5,3
16339,1,0
14718,12,6
47447,15,9
67220,2,0
53405,53,14
58714,1,0
67205,4,2
10053,26,1
1544,15,3
27038,20,3
3307,5,1
52701,22,7
1583,21,14
12749,15,2
16419,6,0
41579,4,0
23389,6,3
17393,2,0
53144,30,4
22035,6,2
33671,27,9
48055,1,0
62762,65,8
57017,3,2
66917,6,2
67041,95,4
8893,8,2
48669,42,7
40534,16,2
39373,6,3
56488,18,1
65278,4,1
20154,66,12
60013,6,4
59973,22,6
6105,10,8
229,22,6
48141,21,0
31864,4,0
8494,21,2
57112,22,1
60358,21,0
55898,5,1
5256,1,1
54728,15,0
28451,1,0
22266,10,9
55880,3,0
53082,9,2
37596,27,17
25262,33,2
39702,9,1
284,18,1
1308,57,26
14356,19,6
59595,2,0
15295,21,10
28641,11,0
67188,6,0
53999,64,5
32265,2,2
5787,18,6
24858,12,0
63829,55,16
1072,25,15
12120,95,11
22140,16,3
20589,5,0
48843,10,8
66949,11,1
2485,45,14
41865,19,2
13065,9,0
57777,14,4
35307,4,0
56570,11,1
32740,95,39
60178,3,0
12242,5,1
3831,17,11
29546,6,6
40770,37,4
3748,27,7
10793,16,3
2442,66,13
56453,37,4
41033,21,5
58923,33,3
51595,5,0
47303,14,3
40675,11,3
24976,43,6
48225,10,0
26940,11,3
47524,31,8
64159,2,0
36682,77,1
22470,11,4
9604,36,6
60948,9,7
19064,15,7
10584,17,5
26752,26,2
40462,1,1
4547,14,0
16351,12,4
53165,26,5
54388,14,7
48672,69,28
32010,16,1
15360,14,1
19917,11,3
42455,3,0
65991,27,2
37094,17,2
39473,21,14
52044,2,1
20705,36,11
26951,36,2
63603,8,1
61086,3,1
39769,26,2
2350,40,12
19672,6,1
67049,3,1
39163,4,0
59584,3,1
36651,2,2
9792,22,11
59697,2,0
34532,4,0
57386,12,4
13066,10,4
16076,15,1
53928,14,1
15327,5,1
14743,7,2
36612,1,1
51690,31,11
40454,1,0
13158,7,1
37449,9,1
16641,9,1
959,21,4
60323,10,3
62634,4,1
45793,5,2
5801,4,1
5173,12,6
47347,6,2
52689,8,0
66609,23,13
62997,3,0
62545,3,3
28257,25,1
24524,14,0
53677,1,0
63172,8,2
36193,8,6
39859,1,1
62642,29,6
37789,11,10
36417,10,0
24800,10,6
56450,16,11
45581,30,5
54951,44,14
25481,3,0
67120,2,0
63223,9,7
64667,6,0
2487,2,0
32434,79,4
55713,1,0
26885,13,10
34885,40,2
47998,5,2
31068,16,5
53011,118,12
65688,42,3
609,43,17
51502,2,0
16783,1,1
60601,1,0
62202,6,1
45358,1,1
45651,24,1
35282,5,2
44601,12,1
44580,53,8
20989,45,20
58360,2,1
57297,1,1
43326,14,5
65486,1,0
50203,1,0
47164,35,10
60808,6,2
48201,1,1
53445,2,0
65858,2,1
4896,6,4
56397,15,6
3828,4,0
25772,26,9
53858,2,0
64884,1,0
12442,1,0
57968,20,4
16131,5,1
53771,3,0
58272,1,0
55753,3,2
61114,1,0
24686,6,0
24450,27,5
53538,1,0
53972,6,0
61111,3,1
54755,36,8
19172,5,0
44072,15,1
46257,8,2
59523,25,13
53052,8,5
14940,5,1
65071,62,18
10897,17,0
16485,70,21
12392,60,19
12018,7,0
63346,20,9
40375,32,11
31938,6,5
21713,5,5
11686,15,8
25343,5,0
17070,39,16
18469,1,0
14995,51,24
7537,2,0
34402,26,9
11634,10,6
31129,7,1
49265,34,10
31030,7,1
18881,6,1
32328,2,2
18879,10,1
55160,6,4
15570,2,0
8512,9,0
65609,21,17
30748,7,0
65158,2,1
35606,3,0
34643,16,5
59171,11,0
8386,16,2
11723,6,0
60162,1,0
26206,8,0
16690,7,3
6382,16,7
64119,14,4
3488,60,43
54005,1,0
6342,3,0
8875,23,10
9365,19,4
8929,1,0
8736,67,29
8354,1,1
13345,17,0
65258,39,17
55769,1,0
65067,4,0
58403,6,0
16178,9,0
17587,8,4
27584,50,31
38565,2,1
17073,1,0
11357,20,7
19112,22,6
14431,39,2
16504,7,4
5170,3,0
942,21,12
11560,19,1
53614,15,2
22149,4,1
30733,4,0
4006,13,3
4652,34,10
47767,46,3
10894,64,7
42233,2,0
2399,39,23
37413,58,12
39126,13,0
1280,2,0
33153,7,1
29550,2,2
48944,5,1
41445,20,7
39936,15,4
833,1,0
67255,10,1
59686,1,0
33804,4,0
17338,2,0
26384,20,9
24810,2,0
18432,29,0
31514,30,20
64932,13,0
13598,14,4
4647,16,7
51613,21,8
67204,10,6
52288,10,2
8925,8,1
25738,1,0
61188,1,0
41491,4,0
47089,78,0
55294,12,6
31641,181,15
34140,24,5
15574,1,0
63094,1,0
15774,4,2
8962,1,0
52287,67,13
4967,29,26
11668,9,5
42519,5,1
67080,16,10
22558,21,5
11613,2,1
20463,4,2
58921,25,0
32637,3,0
36007,19,0
51490,6,1
67223,5,2
56372,7,0
47768,4,0
61288,5,0
30331,5,4
64746,6,0
8482,9,0
42484,21,18
24825,3,0
39542,7,5
52045,1,1
5524,22,4
8747,25,2
1904,9,5
5435,6,1
15131,21,0
5892,5,3
61557,27,10
29959,7,4
4440,116,6
25599,6,3
4091,5,4
12452,21,4
30786,26,0
39310,5,2
48283,1,0
25054,22,16
41304,79,9
5522,1,0
18618,17,1
17748,1,0
61339,9,3
9773,9,3
47046,19,0
31322,16,3
17877,39,17
23443,22,2
40331,7,2
18644,13,2
56612,12,1
23197,18,4
67261,13,1
53241,1,0
26540,16,1
36026,2,1
34462,2,0
46114,32,4
24367,3,0
9516,3,0
41757,1,1
13708,6,3
3330,3,1
58650,96,31
58946,59,18
14664,14,0
59258,24,0
33578,41,14
14573,1,1
55351,22,12
42699,20,2
8119,91,26
890,4,0
41382,25,7
7656,13,6
39696,6,0
35342,12,1
60551,39,8
23316,7,2
16797,35,5
42734,4,2
42988,10,4
2473,39,7
60340,5,1
467,4,0
65460,3,0
4116,32,13
34837,12,1
57317,5,1
21766,8,0
65650,12,3
10217,2,0
56651,3,0
5174,7,2
57384,2,0
42093,46,3
63724,9,1
66011,99,8
21406,17,9
41307,4,0
3688,12,1
44780,9,3
26390,7,3
26860,11,8
43022,19,1
44407,14,0
52535,8,0
7544,1,0
46757,15,7
42406,18,4
64414,2,2
42401,12,0
46145,19,1
44747,9,1
52316,1,0
60049,4,2
42378,39,14
58368,15,5
38566,18,5
47149,8,3
17034,55,6
57446,5,3
875,56,5
34246,4,2
47304,10,0
51538,16,9
52312,1,0
57904,14,2
51477,12,4
41576,3,1
41447,12,1
66138,3,0
40501,15,3
48073,5,3
5411,5,0
52313,1,0
29796,3,1
58304,41,7
381,30,12
39701,11,1
53508,26,15
51548,80,39
58479,6,0
64849,2,0
1988,1,0
41688,2,0
9745,22,2
55900,12,8
465,24,4
36304,11,7
60715,5,3
39579,3,0
37617,23,1
52619,6,5
65299,4,3
52840,9,0
5489,4,0
905,1,0
40948,1,0
41388,1,0
46595,16,2
59725,4,0
61599,2,2
3207,2,1
58329,10,5
37851,34,5
47476,9,5
57300,20,2
61744,11,6
3073,27,4
6050,30,13
59673,3,2
23351,12,4
6916,30,4
33394,13,11
26446,25,0
16356,2,1
66978,1,1
21261,22,5
58378,1,0
17768,26,5
23882,92,0
40305,4,1
43002,6,2
59442,14,1
52597,5,1
45417,55,4
55646,1,0
59412,8,4
57292,5,1
28166,3,1
25616,4,1
56323,8,0
67283,13,6
7217,3,2
59035,2,0
60066,33,0
61737,15,4
51684,14,7
58126,4,0
53474,1,1
30950,10,2
66983,1,0
63441,1,1
41526,1,0
29163,10,4
60902,2,0
31831,5,2
14815,7,3
7151,31,12
34719,3,0
42545,1,0
26592,28,4
20453,3,2
21359,33,11
37688,8,3
61184,19,3
57732,18,8
65589,25,5
66776,2,0
67287,8,1
60122,5,3
59387,13,5
60768,1,0
66973,30,13
15705,3,0
19604,8,2
61891,1,0
66448,16,1
44200,1,0
44987,43,22
12641,1,0
65380,2,1
19272,4,1
11258,7,0
26339,1,0
16029,5,4
47974,4,1
12628,1,0
41183,158,11
67290,6,2
3035,24,8
27699,7,0
67276,52,30
25197,3,0
13631,1,0
63765,6,2
61808,2,0
67182,52,14
44396,1,0
65123,1,0
30972,20,8
63181,2,0
13825,13,5
9724,2,1
52537,11,0
19329,7,1
3283,6,0
31349,6,4
44797,2,0
38764,7,0
39426,16,5
147,146,27
44566,135,52
21325,20,17
67083,17,0
48282,9,0
2082,5,2
12316,45,11
21049,5,0
64364,7,4
36689,19,0
7120,2,0
45665,7,3
4830,16,11
58539,27,7
36186,4,1
1274,2,0
31474,14,9
38226,21,15
1071,66,11
58176,7,2
36976,21,4
5718,4,1
67002,20,2
19301,5,1
59346,26,2
18646,10,1
58353,13,7
22450,9,2
24642,6,0
58106,11,1
22129,35,8
56521,29,1
3635,3,0
29855,46,1
11810,13,0
26595,4,0
2541,6,5
59293,3,0
31464,10,2
41312,32,8
18261,29,3
53640,17,2
8927,13,8
44752,11,4
2246,8,0
27542,1,0
58482,3,0
3570,3,0
64541,28,9
28287,77,8
25221,11,5
3018,4,0
63919,2,1
39773,4,4
41402,82,25
57332,2,1
28357,5,0
5480,10,4
37256,5,3
11254,43,3
23975,1,0
4045,4,3
9874,4,3
5839,10,9
18823,1,0
1417,29,8
60546,8,4
41698,4,1
32450,1,0
35416,19,4
5740,6,0
30016,19,6
34271,9,2
56324,1,0
57187,21,14
7403,1,0
41202,10,2
55884,16,8
41251,23,5
14292,63,11
47348,2,0
64257,20,2
61354,1,0
677,27,20
7930,5,1
64202,46,7
9426,1,0
42131,7,5
14794,74,31
48293,12,0
36894,4,1
64134,1,0
67294,6,1
67191,2,0
47264,2,0
66933,2,0
14835,14,7
40359,6,2
10301,4,2
60320,23,2
34076,1,0
65375,3,1
53851,1,1
1213,41,17
39170,22,4
38056,21,4
7094,7,0
52042,3,1
27386,14,9
55948,4,2
3077,10,3
44173,1,0
67324,44,0
44545,3,0
52021,11,4
9219,12,3
1237,48,3
56606,1,0
26629,6,0
53015,3,1
61236,13,0
17333,2,2
56307,5,0
62734,4,1
20762,3,2
67081,9,2
26412,6,4
52254,2,0
63461,27,0
65226,1,1
32538,1,0
21596,9,1
40304,16,8
782,12,2
42966,8,2
53737,17,3
51621,11,1
47312,2,0
59717,41,7
62782,11,2
41170,2,0
42017,8,2
60896,1,0
28911,4,0
56826,7,1
57490,11,0
58514,1,1
49213,2,0
59290,7,1
27680,17,1
17361,7,1
66184,14,5
32726,35,10
12032,1,0
65542,10,5
53992,6,3
67326,4,0
58201,7,0
56029,1,0
65730,10,4
41259,2,0
48645,13,8
53979,3,1
35300,1,0
37278,6,1
62365,4,2
63825,7,3
64962,13,2
60326,3,1
42528,4,0
60501,1,0
65843,4,1
2063,18,9
4770,1,0
58028,64,10
58269,2,2
66708,1,0
9613,1,0
59453,35,9
8454,6,1
19322,3,2
9386,1,1
54935,3,0
26982,27,14
11654,19,9
43279,31,6
40324,6,5
26077,1,1
37358,7,1
66179,3,0
13251,49,5
8378,2,1
57162,6,3
65691,1,0
49068,10,8
13635,29,9
20998,3,2
65877,82,28
24728,8,3
67339,8,0
26208,15,0
57838,1,1
54946,1,0
5901,14,6
60186,20,0
64688,1,0
20461,3,0
57842,3,0
40655,4,1
20796,4,0
47880,10,3
48154,2,0
39399,26,3
25462,23,1
41841,11,1
32161,1,1
55196,1,0
55483,18,10
27708,10,1
9608,6,3
21398,44,5
57381,2,0
57534,1,0
19553,1,0
5639,1,0
32257,12,3
54774,51,11
18338,2,1
64951,64,10
45061,2,0
36892,1,0
32222,7,5
7564,3,2
872,14,7
66539,67,7
23555,4,0
4415,11,10
14567,9,0
41287,3,0
36223,8,0
56359,6,2
63562,7,3
19607,14,2
34992,5,0
41931,7,0
12238,33,23
48169,23,2
55312,3,0
33445,75,3
48059,3,3
60748,54,2
63799,4,0
66126,35,3
5794,2,0
65079,5,2
46477,1,0
2290,3,0
53316,31,5
5719,164,30
59414,1,0
9340,51,8
52523,3,2
67325,11,3
66243,2,0
32472,10,5
58296,1,1
48846,6,1
35137,7,1
29568,4,2
1036,10,9
39301,3,3
59140,3,2
66735,7,3
10088,42,5
36161,12,4
5157,9,0
42426,12,0
61327,22,13
29393,5,4
42124,8,0
11363,2,0
39286,15,0
8232,7,3
48249,14,2
63190,2,1
59965,1,0
16628,4,0
40856,3,1
30607,2,1
58604,42,19
44508,14,3
35493,2,0
1435,9,8
32721,1,0
4165,21,1
13892,4,0
47356,1,0
52185,1,0
36177,4,1
16225,6,1
89,8,5
58959,11,1
724,1,0
12733,67,18
47330,1,0
1733,4,2
62270,1,1
40479,1,0
41827,13,1
67372,1,0
51487,6,3
8938,1,0
1753,2,0
43129,3,0
39865,6,2
21330,5,1
60146,10,3
58835,6,0
58937,1,0
65236,7,3
54735,1,0
53752,1,0
1442,10,3
38116,9,3
48796,19,0
8188,2,1
16620,8,0
44448,10,0
47465,13,2
61579,39,2
59136,47,9
3887,4,0
46204,47,35
13246,1,0
7068,2,2
61073,5,1
27399,8,2
29387,9,0
7347,3,1
47251,4,1
60037,12,2
58407,2,0
24582,3,0
16835,13,1
56266,1,0
47850,1,0
58769,2,0
42479,1,0
39040,1,0
61596,2,0
39635,2,1
17488,40,8
16685,13,1
48698,5,3
45823,22,14
21894,2,0
65052,3,2
63071,3,1
10285,13,2
55086,3,2
15718,26,16
53773,1,0
4718,3,0
11108,7,2
64964,1,1
65115,2,2
35413,6,0
52721,1,0
66971,1,0
56823,2,0
11116,23,19
66188,7,1
24880,4,2
56081,2,0
65625,6,4
34133,31,15
63671,16,6
16300,12,1
9847,21,7
33827,5,3
1101,14,0
53096,34,14
5319,4,4
33068,2,1
13627,32,20
53621,21,2
16925,7,4
26490,3,0
27613,2,0
18189,1,1
32304,4,1
62687,1,0
9116,1,0
26028,18,4
7058,44,15
15136,4,0
6258,15,8
8498,3,0
33334,3,0
21667,2,1
49090,448,4
41451,1,0
34564,1,0
56798,6,6
35214,5,0
6272,6,0
30714,5,0
20927,6,0
830,4,0
31373,4,0
63170,16,9
53867,16,1
33801,19,2
53891,1,0
24486,5,2
67395,3,0
43212,3,1
41356,17,1
60447,9,8
67396,21,14
55270,8,0
19335,15,1
38797,1,0
63475,19,0
32337,14,7
39783,4,1
3900,15,3
66319,8,2
26667,1,1
23994,6,5
32791,11,1
14126,18,2
48162,9,4
56592,7,0
31160,3,1
35246,7,6
17432,3,3
53240,17,0
63699,9,0
61036,3,0
41800,3,1
2612,9,7
3777,12,0
17758,1,0
63184,8,4
64940,43,5
26503,20,6
31528,17,0
37337,15,13
2454,5,0
14663,6,1
53141,1,0
60815,22,12
25215,9,1
20023,1,0
67087,1,1
11008,1,0
62679,4,0
15951,43,5
876,23,15
66862,2,1
10670,14,4
57305,4,0
5417,7,0
65325,7,1
19200,50,6
31217,2,0
67423,19,9
52591,1,0
56935,8,5
12763,9,3
39921,30,4
50281,7,4
42850,11,4
30616,8,0
60813,1,1
45911,1,0
45130,6,2
40417,8,2
29951,6,1
16686,1,0
62031,12,4
42299,36,28
45320,2,0
58011,13,4
62366,1,0
52193,5,1
3531,19,2
67371,1,0
61764,1,0
66345,1,0
19187,6,4
57355,16,7
57950,2,0
64447,4,3
65949,12,5
30036,3,3
25797,6,2
52838,6,3
12697,3,1
3124,6,2
10964,25,2
64821,1,0
55803,16,5
20326,24,6
24405,1,1
57027,22,12
61401,4,1
15400,6,2
22963,3,2
2586,52,12
32999,7,2
1894,13,7
34797,2,2
37821,3,0
6109,4,0
8729,2,2
42534,31,9
52746,1,0
59342,1,0
60086,6,1
23577,7,1
41484,4,1
41043,35,1
47935,3,3
51461,1,0
53325,2,2
44123,8,2
65313,9,2
60591,5,1
1330,6,1
1482,1,1
60023,27,7
26506,25,1
36107,12,1
1448,5,1
64892,5,0
5561,9,2
1055,85,15
1845,20,17
13428,1,0
37245,1,0
61689,1,0
52341,7,0
27594,6,5
28160,12,4
40736,4,0
54700,4,0
51622,1,0
59058,16,3
45756,9,1
15286,12,3
59625,4,0
4457,1,1
42156,6,0
61098,2,0
48231,1,0
35264,34,8
44163,19,13
2411,6,1
51475,1,0
63035,2,2
12739,15,3
2410,1,0
5816,2,2
3881,7,5
40310,3,0
67432,2,1
58478,1,0
64207,7,0
40564,2,2
11333,13,1
67091,8,1
49097,3,0
52223,1,0
3297,4,2
65631,8,2
28640,4,2
52815,6,1
67436,4,0
67434,3,0
66279,1,1
47479,1,0
46367,3,0
24973,3,1
55709,2,2
50122,9,5
55808,1,0
30824,26,1
30638,16,4
12229,6,0
27619,1,0
65823,14,10
14058,2,0
34077,36,16
39335,14,3
39765,14,1
330,2,1
56928,5,1
51405,23,4
62681,4,1
61904,17,4
36624,4,2
51522,3,0
42807,10,3
4069,46,14
1496,2,0
2345,16,1
64596,22,0
57487,9,0
24884,9,0
63327,27,7
847,39,29
19242,3,0
17153,6,0
61804,12,1
41377,33,13
14955,17,8
16774,4,0
56094,12,0
44558,2,1
54630,1,0
44535,6,0
44724,1,0
14366,5,4
26231,11,0
14949,2,1
15484,8,1
1816,1,0
48259,2,2
4406,4,0
30532,2,0
67195,3,1
39762,5,1
42831,8,0
654,13,4
34357,5,1
66158,6,1
52810,1,0
34867,1,0
55113,1,0
57275,1,0
40012,30,13
30752,4,0
52598,21,2
58153,22,1
53549,1,0
49246,10,0
1281,17,14
52197,2,0
26895,8,0
56824,6,0
19377,1,0
7924,1,0
67368,2,0
49182,2,0
13779,3,0
19099,24,6
56123,1,1
26983,19,11
53685,6,3
56077,20,9
67201,1,0
51682,3,0
11903,6,0
7735,3,0
44410,25,3
46054,2,2
58892,14,0
29218,4,0
12146,4,3
3644,4,1
9401,1,0
11900,10,3
14086,8,2
25224,12,6
24589,5,0
47965,5,0
42702,10,2
1875,4,1
61368,17,5
67443,2,1
35312,5,0
52786,22,16
54914,3,1
59998,3,0
34127,10,0
34312,1,0
62948,2,2
17349,9,2
57110,5,0
63211,4,0
40517,9,1
61674,1,0
26291,2,0
67222,38,7
47993,4,0
38315,1,0
836,4,0
4804,2,0
62195,5,1
60547,2,1
44845,25,13
26759,20,0
11851,2,0
39580,3,0
63106,18,12
5062,23,9
67455,1,0
24924,1,0
35024,13,0
22314,6,0
2470,1,0
37625,11,9
29933,13,7
17944,1,0
6866,11,11
42190,1,0
14354,1,1
67462,5,0
16802,5,3
21700,5,1
33038,32,7
67465,58,6
66611,1,0
21234,68,16
44731,1,0
58571,1,0
28792,1,0
25571,2,0
25572,4,1
41147,4,1
41781,1,0
7129,1,1
4519,8,0
61416,1,0
60415,1,0
1820,23,6
54244,5,0
48951,2,0
39939,3,3
65334,2,0
36891,35,5
66774,1,0
46720,19,8
54377,1,0
55491,35,14
65566,2,0
9898,4,4
1618,15,5
55834,9,2
60177,10,2
5660,5,0
27784,13,4
4576,8,3
52457,4,0
25539,23,7
64791,10,9
46755,4,0
7149,5,0
5746,2,0
57851,13,0
53701,4,0
48746,1,0
37908,2,2
56195,2,0
29856,1,0
63805,7,4
47763,9,0
54165,1,0
44864,14,4
58200,1,1
55840,1,1
59137,2,0
60641,27,1
56659,5,2
51627,3,1
52524,2,0
67297,2,0
53580,2,0
63789,1,0
56236,2,0
66236,2,0
46162,4,1
41823,1,0
11143,5,3
65600,5,1
10785,8,6
8635,20,3
48833,4,0
59692,7,1
59707,5,0
35041,14,5
56558,2,1
63826,1,1
16398,1,0
16767,2,0
15328,5,0
66190,2,1
37709,1,0
45307,1,1
32676,4,0
41334,2,2
12525,1,1
11281,3,2
19821,6,6
61445,8,0
15758,1,0
60697,11,4
14454,2,0
3706,11,0
33871,39,2
4166,4,2
16745,17,2
41164,3,0
23802,8,0
30891,3,3
56501,3,0
55594,5,0
7138,1,0
66947,2,0
40043,1,0
65505,7,0
28554,11,7
10941,1,1
62599,5,0
21971,4,0
48307,20,4
28416,32,6
52902,50,20
3686,2,0
60256,1,0
1803,4,0
740,2,1
64409,21,11
45862,11,2
23792,3,0
39628,3,2
39412,8,2
47448,3,0
8946,3,1
23849,9,1
16202,2,1
60771,13,3
48214,1,0
5834,7,2
15526,3,3
3773,1,0
64733,17,0
44783,3,1
67065,37,12
59004,7,2
47857,5,0
39848,3,1
44365,3,2
47890,7,0
59577,1,0
62532,5,1
2979,4,2
5526,6,2
31156,1,0
40227,11,6
42975,3,1
15381,1,0
49851,1,0
52583,3,0
2920,10,1
16991,1,0
42302,1,0
66111,3,0
54139,6,4
3838,2,2
64861,8,0
66373,4,0
62838,4,3
50236,1,1
21730,10,1
3392,6,3
34747,1,0
64970,1,0
36877,1,1
67490,34,10
64584,13,2
2531,10,0
54266,6,3
35430,9,8
39025,1,0
40232,12,4
63915,2,0
34898,4,0
32488,5,0
61775,3,3
53675,10,1
56330,10,1
57410,6,0
58721,59,15
66206,1,0
48896,4,0
59730,2,1
6559,3,1
61751,6,0
59416,1,0
60913,11,7
53931,18,4
59145,16,0
65329,1,0
31597,2,2
12712,13,9
67190,4,1
11902,6,3
11571,12,2
34807,3,0
36362,1,0
56861,1,0
49195,10,1
58667,17,3
54213,2,0
9443,26,6
67449,13,7
32142,36,11
67506,4,0
16687,4,0
9878,7,0
56696,7,0
10123,12,3
64480,9,0
55185,3,2
65808,2,0
20215,3,1
16918,1,0
65842,19,8
58947,5,4
34003,4,0
49370,1,1
48580,1,0
56873,5,1
45944,10,3
57798,7,3
33074,5,3
45927,1,0
57376,2,0
67533,41,0
31205,3,3
67169,2,0
33003,2,0
41542,10,6
24135,8,0
5875,4,2
48171,2,1
67496,6,2
901,10,3
3932,3,2
1272,7,4
37082,4,0
45060,2,0
30615,2,1
60001,1,0
1163,22,16
44026,9,0
2409,1,0
67249,2,0
21240,6,1
45724,2,0
51696,7,1
63321,3,0
41165,5,0
55307,1,0
5405,11,6
60414,3,0
24186,6,0
42793,18,1
41148,1,0
23124,22,2
56636,1,0
63945,5,1
31894,1,0
16734,4,1
52594,6,2
27419,4,2
64839,1,0
23920,5,2
25538,2,2
25024,10,1
844,5,3
49381,7,4
20880,12,1
54117,1,1
50262,1,0
67534,7,1
64391,1,0
33111,1,1
44197,2,0
66578,4,0
67547,4,3
51674,7,1
47989,2,2
65604,1,1
58268,1,0
62029,11,2
65233,6,2
65277,1,0
12543,15,3
64346,1,0
65101,5,3
51657,10,5
15900,2,1
18567,6,3
34331,7,2
12224,5,0
27017,1,1
44933,7,2
53856,41,1
67567,1,1
63436,6,0
54694,2,0
54374,2,0
64231,1,1
45745,1,0
61616,1,0
66327,2,0
13561,5,3
59100,8,0
7474,2,0
13508,2,1
67569,3,0
61222,7,3
66240,1,0
7775,20,0
61665,2,0
61174,4,0
65162,1,1
14055,8,3
935,2,0
67460,4,2
46348,1,0
65761,11,1
41268,1,0
28099,4,0
41784,5,4
61975,5,0
22271,8,3
18672,2,1
65805,6,0
55589,3,1
3607,2,1
67445,9,3
7020,2,1
46330,2,1
12322,1,0
67488,4,3
66298,2,1
57066,1,0
25055,11,8
46761,6,2
12666,5,4
10671,2,2
37132,4,1
52249,2,0
38600,3,1
13607,18,16
21266,46,29
24716,4,4
26985,3,0
25412,5,3
67579,4,1
52155,5,0
13234,1,1
32633,1,0
46189,6,6
47799,2,0
67577,34,8
46487,1,0
592,5,2
27698,2,0
66518,1,0
54261,6,3
54730,1,0
13783,2,2
46808,15,7
17810,2,0
1196,1,0
61282,2,2
67583,2,0
40825,1,1
12865,2,0
41673,5,0
43324,5,1
2339,7,4
46870,1,0
65660,1,0
62959,18,1
65254,1,0
41204,6,3
31667,2,2
64160,1,1
67566,1,0
61092,5,0
5056,7,0
6248,9,0
56598,1,0
67584,3,0
37540,2,0
49157,2,0
60394,1,0
54168,1,1
55835,2,0
60036,1,0
17395,3,0
44666,1,0
64718,3,2
64327,14,2
64377,2,0
65541,8,1
31500,10,1
67602,19,2
63798,9,0
49216,3,0
67591,5,0
55161,1,0
64899,1,0
62242,2,1
65880,4,0
64575,4,0
65860,1,0
29325,41,14
32127,5,2
65310,1,0
64700,1,0
48229,10,2
34681,1,1
1629,9,6
36418,2,0
27403,9,0
47350,1,0
61418,1,0
11319,8,3
54171,14,5
57990,2,1
45762,2,0
539,5,0
5384,6,0
31466,9,5
49284,3,0
20630,12,2
39156,2,1
3068,2,2
41966,8,0
39888,1,1
56125,6,2
52519,2,0
13178,1,0
17175,5,1
23038,8,0
57610,4,1
49029,1,0
64175,8,0
21989,4,4
64866,17,9
48335,3,3
5870,1,0
64714,1,1
58570,2,0
14448,9,0
65344,5,4
31135,2,1
55397,6,2
42625,1,0
61872,21,7
52760,2,1
48273,25,4
64865,23,2
60204,1,0
63933,3,1
48268,10,1
15977,6,1
39992,1,1
43347,21,6
67638,1,1
61667,2,0
49154,1,1
41651,3,1
33418,20,12
66713,2,0
13971,4,0
59594,9,3
64636,3,1
65124,1,0
4569,5,1
4305,21,1
47349,7,1
984,1,0
53428,2,0
25006,11,2
52863,1,0
56,16,5
834,15,0
54784,1,0
25774,6,0
17418,8,2
42614,2,2
3378,4,1
7757,1,0
55079,1,0
59118,11,5
27948,2,0
19895,1,1
65232,1,0
39218,12,0
67634,2,1
12880,9,7
54149,1,0
40426,1,0
64216,4,0
52623,1,0
9979,1,1
4306,7,0
4630,1,0
40090,6,0
15950,2,0
63686,2,0
4126,10,0
62360,27,19
66131,1,1
67636,2,2
67300,3,0
43068,1,1
7360,3,0
57274,2,1
101,6,0
56479,1,1
62444,1,0
65586,5,0
33787,3,0
58107,26,10
62086,1,0
33969,14,1
60767,1,0
36776,3,3
22837,1,0
1460,7,5
64828,4,1
67463,13,1
55588,3,0
12891,7,1
59989,5,1
23104,4,0
53268,1,1
41872,1,0
17598,1,1
39252,4,2
58805,7,1
33627,2,1
60642,3,0
54017,7,2
61081,2,0
40659,1,1
2759,1,0
25886,1,0
60835,2,0
32371,4,0
67625,9,7
63122,5,0
7716,8,0
64784,1,0
12035,3,0
60356,20,5
64508,1,1
39300,13,3
51664,4,0
25901,1,1
15747,1,0
23133,10,5
13610,5,3
24059,7,0
59582,3,0
65605,12,0
67654,19,5
19836,1,0
51388,1,0
3888,9,4
55821,12,6
20715,2,0
33475,1,0
14541,8,0
36216,1,0
53087,3,1
15558,6,2
61902,2,0
52384,3,0
53797,26,24
17815,29,21
66914,1,0
58154,10,0
30973,16,1
29566,4,3
5983,1,1
34428,1,0
9228,32,10
41444,1,1
19016,1,0
39388,1,0
65244,6,0
62269,12,3
21599,12,4
67305,24,10
48873,2,0
60010,3,0
44291,1,0
7285,52,19
62988,1,0
5968,3,0
61055,1,0
44972,1,0
48135,2,0
8467,2,1
47237,10,8
32844,3,0
17390,4,2
39858,3,0
51460,1,0
66352,1,0
7356,8,2
67652,1,1
55106,4,1
5210,1,0
52351,3,0
65947,6,0
56199,1,1
58134,4,1
41113,1,0
67612,14,4
6043,2,1
62969,1,0
46568,1,1
60332,10,2
38616,1,0
60982,3,0
38367,4,3
45326,1,1
47437,1,0
65664,3,3
45702,6,3
43252,1,0
35732,3,0
59949,1,0
54097,1,1
34688,3,0
67611,1,0
7363,2,1
55994,1,0
5457,1,1
46147,1,0
67665,8,2
40808,1,1
19018,7,0
37027,1,0
932,1,0
17090,14,7
16955,11,2
12298,9,1
20859,7,6
60921,1,0
9635,2,0
63978,16,3
50294,1,0
9876,4,0
40970,1,0
28358,7,1
12737,2,0
49325,5,2
60877,1,0
64726,110,0
54200,1,0
67291,1,0
66238,2,0
58071,2,0
67265,4,2
64342,2,0
50309,1,0
30955,3,0
21154,5,0
3331,4,3
14575,3,0
13164,1,1
32048,1,1
67683,8,5
30197,2,1
37635,14,1
17789,5,1
30887,1,0
454,1,1
30922,1,0
40167,1,0
38539,1,0
4062,7,1
26721,2,0
23578,1,0
15470,1,0
29207,2,0
67692,1,0
40104,5,0
31578,2,2
67512,9,1
19628,2,0
55675,5,0
65229,3,0
39379,1,0
31492,3,0
64373,2,0
67699,13,0
58635,18,12
42613,3,0
4335,3,1
35449,1,0
52590,1,0
63654,6,0
45533,6,1
36273,5,1
61330,2,1
65348,3,1
67698,1,0
44565,1,1
48014,1,0
47163,1,0
67704,1,0
36041,1,0
47735,1,0
44332,1,0
8720,1,0
64361,1,0
45658,4,1
66259,3,3
17685,4,2
2018,2,0
41084,1,0
65478,4,0
64167,3,1
55393,1,0
1223,7,3
32781,4,0
65667,2,0
15695,1,0
60858,3,1
22621,1,0
67194,10,3
19572,2,1
42657,6,0
51653,10,8
63846,10,3
16654,2,1
24362,1,1
54004,1,0
39362,1,0
5856,4,0
23637,1,0
56078,10,0
41625,1,0
9258,9,6
20250,7,5
53014,4,3
7294,1,0
3234,1,0
32808,1,0
60647,8,2
51561,1,0
21399,4,4
44667,11,4
15,1,1
45464,3,0
61289,1,0
66168,22,5
47499,5,3
1835,1,0
64067,3,0
67572,18,1
35442,1,0
14591,1,0
6867,1,0
67715,2,0
55075,1,1
12411,4,3
44125,1,0
54942,25,1
61278,2,1
2903,1,0
4422,8,8
4392,4,1
44936,3,1
67722,1,0
67720,1,0
28649,2,1
60650,9,7
44420,3,1
56108,2,2
61221,1,0
54500,1,0
50247,8,6
11978,1,1
59221,1,0
62880,1,1
35827,1,0
54704,8,3
33915,2,2
60386,2,2
61382,4,2
40585,1,0
24588,2,0
9153,3,1
67728,3,1
53843,2,0
6836,4,0
40176,4,3
41218,1,0
67730,2,0
9476,8,5
17412,4,3
15616,2,0
55211,2,1
27408,4,0
47816,1,0
53296,2,0
14924,9,1
47298,1,0
13137,2,1
359,1,0
62993,1,1
27048,1,0
31744,2,1
2663,2,0
52289,1,0
67717,3,0
65378,1,0
57108,6,0
52865,1,0
2490,4,4
35464,2,0
6113,1,0
42095,1,0
10549,4,4
44211,7,0
1396,4,2
56519,4,1
56364,28,4
52342,58,0
38795,1,0
64161,4,1
53756,5,3
66055,6,2
64013,1,0
67726,2,1
62883,1,0
15800,2,0
5571,9,5
44563,1,0
41290,1,0
48019,1,0
67491,4,0
47160,3,1
41048,4,2
42498,1,0
50009,7,0
7074,2,0
59623,3,0
55398,1,0
8054,1,0
59809,1,0
67750,4,0
67707,1,0
66984,1,0
35004,2,0
16822,3,1
29943,14,7
67705,9,0
63885,1,0
32202,3,0
61843,14,4
55205,3,0
26326,3,0
12526,2,2
14873,4,3
67658,2,0
62951,4,0
9158,1,0
18749,13,3
10284,8,0
29346,3,3
63384,7,0
45703,1,1
41453,4,0
28396,1,0
42943,1,1
43674,4,0
15925,1,0
66494,1,1
11060,1,0
67132,2,0
33522,4,0
2389,4,1
9252,1,0
65965,13,4
35158,6,0
25453,3,0
42132,1,0
38274,1,0
44847,4,1
57783,2,0
67740,15,3
22007,16,1
67776,1,1
60449,3,2
58623,1,0
48022,1,1
47162,3,2
51479,2,0
24693,4,4
53987,2,0
874,4,3
7178,4,0
45355,6,2
29661,1,0
44593,11,0
12973,10,4
30791,8,0
35649,1,1
67737,5,0
40202,4,0
39257,3,1
64957,10,4
16739,1,1
67499,6,0
36907,2,0
1051,1,1
32904,2,0
29923,13,0
66083,6,0
30795,1,0
613,1,0
1778,3,0
6219,1,0
19388,3,2
1614,2,0
21644,16,2
42238,2,1
1006,16,6
19367,7,0
27983,1,0
39526,7,2
46419,1,0
38049,3,1
22912,5,1
57377,3,2
45211,10,3
46357,2,0
56644,4,0
53447,2,1
55528,3,2
52054,6,2
64065,2,0
52467,1,0
67747,1,1
26632,2,0
61487,5,0
67571,1,1
67781,1,0
21784,2,0
33610,4,0
64386,2,0
1049,3,0
158,1,0
4750,1,1
44404,1,1
58157,1,1
24131,1,1
35107,1,0
59119,3,2
57221,4,0
64542,4,1
67784,18,3
60649,1,0
40626,3,0
64664,15,2
64398,1,0
58948,1,0
29488,1,0
23492,2,0
22238,6,1
38117,4,1
67207,4,1
42679,4,0
59251,1,0
21265,3,1
22323,1,0
24363,5,1
66452,1,1
58280,4,0
45734,10,8
63878,6,0
45632,1,0
17697,1,1
54071,1,0
21740,7,2
56357,6,3
56035,1,0
66891,1,0
39489,3,0
39598,1,0
64923,1,0
15761,1,1
56992,1,1
45492,1,0
59023,3,0
42425,4,3
36111,5,3
45671,5,1
27449,1,0
48,1,0
17446,2,0
66498,2,1
32877,2,0
22206,1,0
64734,1,0
15290,2,1
64077,2,0
7748,1,0
67791,4,1
51738,9,0
43969,2,0
43164,4,1
35571,2,0
53295,1,1
66896,2,2
38435,3,2
41589,7,2
47139,1,1
16736,2,1
32367,1,0
17312,1,0
67637,1,0
64785,2,1
61357,1,1
53929,1,0
45190,24,2
45982,1,0
31828,1,0
58916,1,0
66981,1,0
67831,4,0
44578,1,1
42598,2,0
62407,1,0
29942,1,0
61510,1,1
36272,2,2
34914,2,0
53297,1,1
6637,1,0
28362,4,0
38615,1,0
7235,1,0
64739,11,0
36398,2,0
6846,3,0
43846,5,0
6630,3,2
53430,1,1
16015,1,0
47357,1,0
28497,2,1
8235,1,0
35412,2,0
31409,3,1
33831,1,0
11987,2,1
30742,8,0
4022,1,0
52820,1,0
25676,2,1
17914,10,2
64630,2,0
10121,1,1
8737,3,1
25363,3,0
17228,1,0
42981,2,1
51375,1,0
61283,2,2
28017,1,1
9110,1,1
29462,1,0
1918,2,0
13465,1,1
67440,1,0
5609,1,0
44965,1,1
33728,1,1
64582,1,1
12109,1,0
34028,1,0
62469,2,0
12026,3,0
64200,2,0
29467,4,0
35981,4,0
12443,1,0
37333,1,0
15542,4,0
8546,2,0
39791,4,0
47386,1,0
51377,4,0
11351,1,0
3555,3,1
67362,1,0
45777,1,0
15068,2,0
65109,5,2
52121,2,2
42971,2,1
60290,4,0
23586,4,2
55828,2,1
60590,2,0
67774,2,1
12874,2,1
40562,3,1
52691,1,0
41889,1,0
26926,2,0
29823,3,1
49973,2,0
61919,1,0
56153,3,0
41050,1,0
67841,2,0
63020,2,0
60496,2,1
26594,1,0
26218,11,3
23977,1,0
67860,4,3
67865,1,1
9760,2,0
46300,3,0
67864,3,0
501,1,1
849,1,0
61562,1,0
5418,1,1
33555,2,0
55780,4,1
45656,1,1
67867,1,0
2426,8,2
62695,2,0
67303,1,0
67861,2,0
23327,5,0
27623,4,0
43785,1,0
43740,6,0
47001,3,0
51537,1,0
35925,1,0
34143,2,0
47459,1,0
48536,1,0
51530,1,1
65681,1,0
6543,2,0
67879,2,0
42304,1,0
61494,1,0
223,1,0
58843,1,1
67881,2,2
54373,2,0
65306,1,0
65043,2,0
43063,1,0
67886,1,1
64906,3,0
57547,7,3
2464,8,2
48382,2,0
60633,2,0
18551,3,0
62549,1,0
57371,5,3
9417,1,0
64681,1,1
53883,1,0
61326,1,1
65001,2,0
56092,1,0
43778,1,0
58389,2,1
59230,1,0
57501,1,0
63243,1,0
47990,1,0
36367,2,0
64885,2,0
40708,2,0
67775,2,0
67874,1,1
59847,1,0
61677,1,0
57144,4,3
35931,2,0
66204,4,0
51515,3,1
47378,3,0
49083,1,1
10345,3,0
22437,1,1
16428,2,0
64572,24,0
20571,1,0
47167,2,0
61141,1,1
31965,1,0
43720,2,1
67901,1,0
59714,1,0
65291,2,0
32204,1,1
15701,1,0
57136,1,1
65078,2,0
2344,1,1
65515,1,0
27418,3,0
39418,1,0
58670,2,0
61353,1,1
27459,2,0
62197,1,0
6513,1,0
24137,1,0
53457,1,0
61875,1,0
61196,1,0
15096,1,1
737,3,0
64644,1,0
45769,1,0
49266,1,1
39658,1,0
45786,1,0
67794,1,0
4744,7,1
67875,3,0
736,2,0
